{"entities":{"pages":{"1-Introduction":{"id":"1-Introduction","title":"1.Introduction","url":"1-introduction.html","level":0,"tabIndex":0},"2-Domain-Modeling":{"id":"2-Domain-Modeling","title":"2.Domain Modeling","url":"2-domain-modeling.html","level":0,"tabIndex":1},"Default-topic":{"id":"Default-topic","title":"This is the first topic","url":"default-topic.html","level":0,"tabIndex":2},"Tutorial":{"id":"Tutorial","title":"Tutorial","url":"tutorial.html","level":0,"tabIndex":3}}},"topLevelIds":["1-Introduction","2-Domain-Modeling","Default-topic","Tutorial"]}